"AAAFEGELIPASQIDR,844.43613,2,33963000,60.007"
"AAAFEGELIPASQIDR,844.43613,2,33999000,60.463"
"AAAFEGELIPASQIDR,844.43613,2,25843000,60.411"
"AAAFEGELIPASQIDR,844.43613,2,52457000,42.382"
"AAAFEGELIPASQIDR,844.43613,2,42729000,25.363"
"AAALGMPALAITDFTNLCGLVK,749.73404,3,68715,135.18"
"AADMTGADIEAMTR,726.82651,2,11883000,44.806"
"AADMTGADIEAMTR,726.82651,2,10367000,44.708"
"AAEELNK,387.70324,2,149860,6.0051"
"AAEELNK,387.70324,2,150240,7.5114"
"AAEELNKR,465.7538,2,297650,5.3179"
"AAEELNKR,465.7538,2,458440,6.1996"
"AAEELNKR,465.7538,2,586770,6.22"
"AAEELNKR,465.7538,2,206450,6.1015"
"AAGAELVGMEDLADQIK,865.9351,2,18824000,47.046"
"AAGAELVGMEDLADQIK,865.9351,2,17054000,29.395"
"AAGATTANITQAIEQMR,873.94379,2,1512000,60.426"
"AAGEKPENGVFWESAGEGEYTVADITK,952.45052,3,20722000,63.737"
"AAGEKPENGVFWESAGEGEYTVADITK,952.45052,3,19864000,63.959"
"AAGEKPENGVFWESAGEGEYTVADITK,952.45052,3,16948000,63.827"
"AAGEKPENGVFWESAGEGEYTVADITK,952.45052,3,16297000,42.875"
"AAGEKPENGVFWESAGEGEYTVADITK,952.45052,3,21796000,25.677"
"AAGLHLQESIAEQGALR,588.65148,3,1008300,47.11"
"AAGLHLQESIAEQGALR,882.47357,2,290100,47.461"
"AALELAEQR,500.77473,2,131320,34.847"
"AALQISQSGQTCALLSK,888.46964,2,816560,49.733"
"AALQISQSGQTCALLSK,888.46964,2,,51.103"
"AALQISQSGQTCALLSK,888.46964,2,2732800,51.345"
"AALQISQSGQTCALLSK,888.46964,2,1777700,51.387"
"AAQVPVVVAVNK,597.86388,2,4945500,44.727"
"AAQVPVVVAVNK,597.86388,2,3844100,44.623"
"AASAAGLSIHVPFAPGR,541.29848,3,4906000,62.522"
"AASAAGLSIHVPFAPGR,541.29848,3,9930500,62.738"
"AASAAGLSIHVPFAPGR,541.29848,3,7129200,62.705"
"AATILAEQLEAFVDLR,880.48308,2,998310,102.12"
"AATILAEQLEAFVDLR,587.32448,3,1068300,89.901"
"AATILAEQLEAFVDLR,880.48308,2,797690,89.796"
"AATILAEQLEAFVDLR,587.32448,3,2059400,94.042"
"AATILAEQLEAFVDLR,880.48308,2,971660,94.03"
"AAVEEGVVAGGGVALIR,784.44375,2,7173300,58.453"
